scenario,run,mean_growth_rate,crisis_likelihood,mean_unemployment,gdp_end
1,1,0.01026435631518896,0.0,0.04461100000000018,4207631.2106
1,2,0.010503734633469763,0.0,0.04382750000000013,4474005.665
1,3,0.010512037936492247,0.0,0.046834749999999925,4749297.3339
1,4,0.010909925494436035,0.010101010101010102,0.04764449999999998,4474558.2317
1,5,0.010458306441474718,0.0,0.04852599999999996,4400804.5404
1,6,0.010177616644752696,0.0,0.04686099999999993,4675143.2466
1,7,0.010065172991744697,0.0,0.05203575000000005,4297580.165899999
1,8,0.010268596372540184,0.0,0.046901249999999894,4631026.5669
1,9,0.01034283868239494,0.0,0.044612500000000055,4432247.0607
1,10,0.009770151881840272,0.0,0.043655250000000034,4455559.0354
1,11,0.011154864272823417,0.0,0.04586224999999988,4803801.0985
1,12,0.010833177099649705,0.0,0.046772499999999995,4760675.1563
1,13,0.009600490681755947,0.0,0.045825499999999963,4121333.3712
1,14,0.011148748663288632,0.0,0.04722724999999994,5062788.5257
1,15,0.009938303729895015,0.0,0.047808750000000066,4404540.127900001
1,16,0.010172507045730361,0.010101010101010102,0.044367500000000004,4333508.7888
1,17,0.011257997218879545,0.0,0.04743574999999989,4601960.4206
1,18,0.00958117786114876,0.0,0.051069250000000066,4110060.9259
1,19,0.011164059972495588,0.0,0.04990125000000001,4634823.1898
1,20,0.010527488790128325,0.0,0.04526125000000003,4657423.5015
1,21,0.010622035248454953,0.0,0.043840749999999984,4512233.9211
1,22,0.0099963636784961,0.0,0.046613000000000016,4370021.1074
1,23,0.010197963627547324,0.0,0.049776750000000036,4338569.0365
1,24,0.011002430944729413,0.0,0.04606799999999989,4481022.4577
1,25,0.009914886394708056,0.010101010101010102,0.04549100000000006,4224997.8146
1,26,0.010526650788941883,0.010101010101010102,0.04706575000000013,4435763.0788
1,27,0.009823853946166805,0.0,0.04663099999999987,4231801.8342
1,28,0.010465537616159093,0.0,0.0461157499999999,4480899.8311
1,29,0.011166067480340658,0.0,0.04739400000000005,4845313.6247
1,30,0.010352110187416885,0.0,0.04562124999999995,4196280.2941000005
1,31,0.010477265523434642,0.0,0.04590300000000003,4613525.0815
1,32,0.010655288361925086,0.010101010101010102,0.044489250000000036,4609751.7401
1,33,0.010205846831037535,0.0,0.047261499999999845,4303221.4612
1,34,0.010137543585865272,0.0,0.047005000000000075,4380252.0306
1,35,0.010281647960911577,0.0,0.04868075000000005,4473145.6612
1,36,0.010999724448251369,0.0,0.04783225000000002,4565283.9339
1,37,0.010530185890722299,0.0,0.048940749999999866,4702770.8004
1,38,0.009680256576798829,0.0,0.045306999999999986,4325195.6155
1,39,0.010587937223391686,0.010101010101010102,0.05028975000000002,4467082.4838
1,40,0.010867296222784928,0.0,0.04790649999999996,4741739.2436999995
1,41,0.009666205738485534,0.0,0.050154249999999956,4377446.7879
1,42,0.01070251317294546,0.0,0.04840074999999999,4616880.8054
1,43,0.009526018293371186,0.0,0.049005999999999994,4400993.052
1,44,0.010527626405994805,0.0,0.050614499999999896,4293253.7853999995
1,45,0.00994319381415587,0.0,0.04990525000000001,4292144.3946
1,46,0.010454485761884014,0.0,0.04486524999999997,4693343.0398
1,47,0.010018164786297357,0.0,0.04977874999999998,4241172.2445
1,48,0.011024743280512839,0.0,0.042402750000000156,4499823.3758000005
1,49,0.009632245541942863,0.0,0.04664349999999995,4318411.028
1,50,0.009629466688277022,0.0,0.047782249999999915,4067511.2912000003
2,1,0.01013447679507884,0.010101010101010102,0.03775227604900011,4419169.849863358
2,2,0.010217968659032906,0.0,0.038971751775999874,4326240.772749974
2,3,0.010889671318106364,0.010101010101010102,0.03997586512100004,4740049.279700835
2,4,0.010121162142762818,0.0,0.03880109617674998,4034780.9729439323
2,5,0.010039806307209131,0.0,0.036468291981500034,4519411.2464347975
2,6,0.010490040006555956,0.0,0.040699927843750205,4286903.081720902
2,7,0.009862771734654663,0.010101010101010102,0.04050969464249987,4175673.0056172474
2,8,0.010534537870207972,0.020202020202020204,0.038940164625499984,4536633.467028582
2,9,0.010056832609233401,0.0,0.039523098749249974,4397698.464433539
2,10,0.010891661167784061,0.0,0.03799300241750003,4313750.177876076
2,11,0.010428697759919281,0.0,0.03677070223775003,4438760.866468122
2,12,0.009783956770610613,0.0,0.03649429576800001,4266820.950831587
2,13,0.010011811268831883,0.010101010101010102,0.04343661642374996,4209845.795251371
2,14,0.010551728887290057,0.0,0.038550225704999885,4438819.908843631
2,15,0.008626154398357455,0.010101010101010102,0.03865568626424987,3879873.623553604
2,16,0.009937858194119409,0.0,0.03854016546450001,4198216.892924994
2,17,0.009856266999002106,0.0,0.04208667297375002,4009416.2135521797
2,18,0.009876937200754998,0.0,0.04050791043099988,4325392.683319862
2,19,0.010082809249684077,0.010101010101010102,0.038509538459750026,4288968.632680458
2,20,0.010802164189316565,0.0,0.04036970888024993,4510016.234840076
2,21,0.010350030950287747,0.010101010101010102,0.04045171306100004,4139176.602115926
2,22,0.009429260759755698,0.0,0.03933528334199987,4122114.7147625713
2,23,0.009717491161664649,0.010101010101010102,0.04291093417025005,4042166.1038411492
2,24,0.009921029400430159,0.0,0.039077754819749955,4011903.560625689
2,25,0.010161235594631446,0.020202020202020204,0.03558814067650007,4320830.35370373
2,26,0.009515478718879589,0.010101010101010102,0.039876207547250186,4060071.7394278347
2,27,0.010467332894373627,0.010101010101010102,0.04263492524524992,4442891.013423819
2,28,0.010926503960135392,0.0,0.03769679851474994,4461568.823237154
2,29,0.010435981876102618,0.010101010101010102,0.03804388594675001,4836580.70322225
2,30,0.009065274474608032,0.010101010101010102,0.03907621133650008,3919609.766469768
2,31,0.010265154446593705,0.020202020202020204,0.04171139380299993,4419049.098321264
2,32,0.010141639995271179,0.0,0.03890033167074991,4255551.301031033
2,33,0.009472530875562768,0.010101010101010102,0.043597992448499934,3992748.944167044
2,34,0.010329774756600685,0.010101010101010102,0.037450973154249945,4439317.2389961425
2,35,0.009726801988999334,0.0,0.041368477136250026,4035164.321821411
2,36,0.009924901020084587,0.0,0.04133385830074998,4355193.757261116
2,37,0.009845854173707869,0.020202020202020204,0.035787514031,4315559.181731745
2,38,0.009698497846700294,0.020202020202020204,0.03688604907725013,3984959.2075204705
2,39,0.009995644046846497,0.010101010101010102,0.03792904653425,4531288.056573536
2,40,0.010497256300245006,0.020202020202020204,0.04030089149524996,4246362.236349944
2,41,0.01001239198823134,0.0,0.03750856276250003,4184841.70844563
2,42,0.01009063108259678,0.0,0.03637396149950012,4391904.95612983
2,43,0.009616027573015717,0.0,0.040656991086250094,4363893.236363003
2,44,0.01050347331604029,0.010101010101010102,0.037461691522250096,4736872.208451398
2,45,0.010278591835704232,0.0,0.03840036863899998,4591808.104283565
2,46,0.010855587223872254,0.0,0.03856709726250007,4430023.590121467
2,47,0.009942574645341429,0.0,0.03811128271575004,4140512.9072296782
2,48,0.010155972305712302,0.0,0.037475540415749964,4312601.3481940515
2,49,0.01004266561460132,0.0,0.04224552393024994,4358772.801027809
2,50,0.009923462745821565,0.010101010101010102,0.036676594807500185,4599404.700088345
3,1,0.009088837877560874,0.0,0.048718169484249896,3881916.526451361
3,2,0.010611147533171383,0.0,0.04566398115574999,4502161.824341504
3,3,0.010735382518930914,0.0,0.04811860200200002,4385282.959313395
3,4,0.010386940112745657,0.0,0.048275974314499925,4327027.557179961
3,5,0.010497515947576197,0.0,0.04716271054150001,4542188.75433509
3,6,0.010596090015210002,0.0,0.05051204184750002,4395955.475264115
3,7,0.01077211145418655,0.0,0.046111900705500086,4638196.301076696
3,8,0.009412558346339805,0.0,0.04683962851150003,3984606.1558888108
3,9,0.010784779681455303,0.0,0.04592281795350006,4461171.4619977735
3,10,0.0104488360306223,0.010101010101010102,0.04604154048525,4441597.712944764
3,11,0.010803036998176863,0.0,0.04782466220600001,4578574.37426023
3,12,0.01093259258873469,0.0,0.04403314832049998,4756170.110413368
3,13,0.009269929066394011,0.0,0.05010855294350014,4146057.9399081385
3,14,0.010706875261223159,0.0,0.048912111388,4603634.059566011
3,15,0.009615657255363175,0.0,0.04762867117724989,4136028.387408618
3,16,0.009805325416456068,0.0,0.046279284444999846,4191194.016607992
3,17,0.010072554592734262,0.010101010101010102,0.0466036185507499,3979039.74505731
3,18,0.009711759671781728,0.010101010101010102,0.04652409860749995,4232602.134191377
3,19,0.010136573367725,0.010101010101010102,0.042870320956250096,4453750.657870221
3,20,0.011061785122202794,0.010101010101010102,0.04533066847849998,4696664.409990816
3,21,0.010068936981263654,0.0,0.04911114792450011,4199777.231071005
3,22,0.009796726962678415,0.010101010101010102,0.048990431288749914,4404462.828893987
3,23,0.01105614194993465,0.0,0.047998699758249996,4878267.704200309
3,24,0.010377219412246452,0.0,0.043767218928499996,4478072.194680106
3,25,0.010208251958925496,0.0,0.050918816652250065,4306919.762619823
3,26,0.010624606215702936,0.0,0.04529350189074999,4689155.835036659
3,27,0.00992788929410282,0.0,0.05045201157525003,4332024.256182368
3,28,0.009942900076076455,0.0,0.047805170530999974,4264031.5161321275
3,29,0.009870839236317153,0.0,0.04673358086324997,4107481.6984490044
3,30,0.009332899517838777,0.0,0.04384300587774992,4160625.183785299
3,31,0.010467406035167048,0.0,0.04965461342449995,4450962.897384673
3,32,0.010239222529099923,0.010101010101010102,0.04640069032750005,4504611.062451955
3,33,0.010645236492171417,0.0,0.04681171870825007,4685400.802231852
3,34,0.010798146064534997,0.010101010101010102,0.048829181844500025,4490316.1346608335
3,35,0.010189366805572142,0.010101010101010102,0.04668762003424998,4502410.521103712
3,36,0.010657640350703934,0.0,0.04345072737549993,4448908.687346503
3,37,0.010530159484140045,0.0,0.04872475197275006,4524607.118210288
3,38,0.010003547491689524,0.010101010101010102,0.0524261357464999,4355314.444564717
3,39,0.01065341794311725,0.0,0.04528314570399994,4636366.500916884
3,40,0.01098278385881124,0.0,0.044143261442250004,4496608.71428411
3,41,0.00994747223358683,0.0,0.0460230939132501,4155399.5508205323
3,42,0.009805137433340771,0.0,0.04376575042399988,4479210.645850001
3,43,0.010644802426082345,0.0,0.04702756833624999,4712137.453625429
3,44,0.010105954965817787,0.0,0.04668649183325002,4218484.495477767
3,45,0.010358803330949184,0.0,0.04360290059725003,4424163.127636188
3,46,0.009788892732623955,0.0,0.047998853633750005,4040450.7303780937
3,47,0.00943384660701585,0.020202020202020204,0.049684328118250076,4259297.71538157
3,48,0.01025673155500506,0.0,0.04414837116374992,4262119.980638818
3,49,0.010769890120398085,0.0,0.043489780674499934,4766038.961641002
3,50,0.010347665705660924,0.0,0.04758173661349996,4752997.4477244355
4,1,0.009921621821654236,0.010101010101010102,0.04658916340800001,4185794.159707634
4,2,0.010226292425936645,0.010101010101010102,0.04740682215875003,4499466.856800412
4,3,0.01030914288450746,0.0,0.04444641765074986,4258227.442170784
4,4,0.010266153824415758,0.0,0.050344182376250046,4326748.409019814
4,5,0.010911433214812805,0.0,0.0477765102302502,4416784.682158679
4,6,0.00978109053079379,0.0,0.04423154113850003,4288841.019598216
4,7,0.009901589189217797,0.0,0.04645038715650007,4193889.9703384317
4,8,0.01145793582876009,0.0,0.046953739902000136,5066171.832601665
4,9,0.010610456236077148,0.0,0.04838567379199987,4545855.944340822
4,10,0.010530448400798198,0.0,0.04571650243275005,4399961.807708381
4,11,0.010330370074356887,0.0,0.049340844057499944,4409162.314858286
4,12,0.009967827172758126,0.010101010101010102,0.046819920837750106,4451450.88184955
4,13,0.010963313867306868,0.0,0.04766421091149997,4976720.625393914
4,14,0.01016497127355609,0.0,0.04604566499399998,4315364.256154272
4,15,0.010897093655639623,0.0,0.04528201312725,4749541.696512441
4,16,0.010305821166840978,0.010101010101010102,0.044055269243249984,4214074.140105505
4,17,0.010354192509063331,0.0,0.04824516315375005,4282189.64257969
4,18,0.0103880549751596,0.020202020202020204,0.04216070435399999,4697857.860355862
4,19,0.01035141287117547,0.0,0.05097427162599999,4250049.96866047
4,20,0.01027005295277994,0.010101010101010102,0.05063985702675,4266112.045690037
4,21,0.010182347181368456,0.0,0.04695321823575005,4423992.041224197
4,22,0.010803314508575745,0.0,0.04873859768074995,4626651.771346385
4,23,0.011288689127005425,0.0,0.04660763105050014,4336520.792093038
4,24,0.009309278163958101,0.0,0.05129831332899992,4158463.3766061724
4,25,0.011085539713227455,0.0,0.047138949634249916,4884827.803867568
4,26,0.01009688539585163,0.010101010101010102,0.04638765909025011,4467252.432402613
4,27,0.010041491827319282,0.0,0.047856353583500044,4178361.3454041453
4,28,0.009757999572933551,0.0,0.04603168238925004,4252139.947754814
4,29,0.010048589704165778,0.010101010101010102,0.04573868982274998,4368364.190748573
4,30,0.010161852772340607,0.0,0.04540610537299994,4454432.979738702
4,31,0.010284016190469591,0.0,0.0451381623899999,4401019.558119984
4,32,0.010777611192763326,0.0,0.04629179874899991,4506143.960571602
4,33,0.009773918657000502,0.0,0.04616444895900007,4460882.840299409
4,34,0.010202990347145224,0.0,0.050768406031999946,4246190.75019435
4,35,0.010316111862747945,0.0,0.05319767842424994,4160834.7788007515
4,36,0.009847455068341393,0.0,0.05075705087449989,4247779.535475554
4,37,0.010637231070177,0.0,0.04523389074624984,4597571.063070624
4,38,0.01034743161513485,0.0,0.05071920994575008,4335100.699896014
4,39,0.009987409371826184,0.0,0.045127252150750086,4320855.3138126945
4,40,0.009787108646562848,0.0,0.04602220174899996,4222328.076924682
4,41,0.010806841100667874,0.010101010101010102,0.04766390346049998,4725352.65796317
4,42,0.010281191635316933,0.0,0.04451471095275006,4504153.988245035
4,43,0.009917087064387209,0.0,0.04909326092124988,4241937.011274756
4,44,0.011171900261496281,0.0,0.04470342155175,4668110.073303315
4,45,0.00944606209500587,0.0,0.044805845648249965,4344688.075733066
4,46,0.010179810396711897,0.0,0.05006948602225014,4417434.63966161
4,47,0.010654649980301745,0.0,0.045226511287750126,4538832.460119737
4,48,0.009253372138440463,0.0,0.043201282875000024,4083074.861610874
4,49,0.009997356097792176,0.0,0.047458695638250115,4310937.4977809815
4,50,0.009945800823609519,0.0,0.04601129837775009,4164980.7470487757
5,1,0.010815984331785211,0.0,0.10357881816400005,4392247.914942709
5,2,0.010118246785680851,0.0,0.10907330615400002,4217082.7868750775
5,3,0.010760385497682545,0.0,0.10729070625174997,4440203.825979499
5,4,0.011002468137873533,0.0,0.1042074790769999,4680292.53157888
5,5,0.010490262343118673,0.0,0.11712039705950006,4457657.2860749755
5,6,0.011339409589144145,0.0,0.11321704446524994,4610868.372633005
5,7,0.011017317500810586,0.0,0.10654541981624999,4765685.933044823
5,8,0.010829891497457167,0.0,0.09910546217274996,4581587.164082916
5,9,0.010734260701528386,0.0,0.10453824185775007,4698825.307592698
5,10,0.01110829535662683,0.0,0.10836302205924997,4526430.627384773
5,11,0.011558323569458295,0.0,0.09989261761724999,4799656.061572365
5,12,0.009681028742002162,0.0,0.10961306784974989,3942344.4375871355
5,13,0.011295275764746648,0.0,0.10201955972075016,4802468.1199255185
5,14,0.010752361343787209,0.0,0.107106929119,4514931.550585253
5,15,0.010952629899597666,0.0,0.11004568882224997,4740550.842392939
5,16,0.010052810639673782,0.0,0.11276933819025003,4048668.9432894927
5,17,0.01041552268952528,0.0,0.10433764214624996,4397033.4755980475
5,18,0.010396338004993178,0.0,0.11184507736825,4544520.878469899
5,19,0.010838416708206067,0.0,0.10556503275575002,4527600.7942682225
5,20,0.011369695592213569,0.0,0.10012783284575011,4817345.413011514
5,21,0.010088954465623301,0.0,0.10933251826075008,4282019.819636485
5,22,0.01113722774733339,0.0,0.09922617205275008,4678975.507224059
5,23,0.010531686819857722,0.0,0.11437998085275003,4176050.684977919
5,24,0.010005744849334697,0.0,0.11530464020574993,4144035.932725614
5,25,0.011167927793796384,0.0,0.10656748186574982,4836164.930243296
5,26,0.01038959265646655,0.010101010101010102,0.10310005253974996,4069665.1614010083
5,27,0.010473129896723554,0.0,0.10472313689025003,4583180.487838901
5,28,0.010697272590775686,0.0,0.10601846626674993,4441263.890509417
5,29,0.01024988781122338,0.0,0.11061642533024996,4132707.076603474
5,30,0.01070234014108662,0.0,0.11094495988749997,4303121.2501920415
5,31,0.011104959712845863,0.0,0.0960407209795,4644624.565142676
5,32,0.01103574166379273,0.0,0.09788193530675005,4641146.410681686
5,33,0.01130964846071758,0.0,0.09543234972775005,4953278.123274117
5,34,0.010727038504122488,0.0,0.09928218169649994,4675644.77216965
5,35,0.011081104774784967,0.0,0.10594913608324996,4395690.165024306
5,36,0.01054044433343515,0.0,0.1019063489492501,4553427.215995334
5,37,0.01131651982570081,0.0,0.09804079784300002,4938360.304951973
5,38,0.010808130464877275,0.0,0.10509146706975003,4525846.761749464
5,39,0.012446918909978288,0.0,0.10676770269075009,5326785.790798346
5,40,0.010608471814755438,0.0,0.09862763295624988,4562969.666727241
5,41,0.01000798708117423,0.0,0.10125513641549988,4367309.200669755
5,42,0.010931224358059266,0.0,0.10359971717075,4587969.26832236
5,43,0.010760163123005428,0.0,0.10858384452249992,4369533.900739528
5,44,0.010690143307150679,0.0,0.10928043252775,4532495.337736308
5,45,0.01032879350253424,0.0,0.10774312575725009,4285758.416141346
5,46,0.010411095252075286,0.0,0.11274275582725002,4379558.828897738
5,47,0.010516194929883538,0.0,0.10390208396050005,4221200.133305148
5,48,0.011046536834290466,0.0,0.10197465251724991,4459798.641091735
5,49,0.010184997244448546,0.0,0.10653797546074995,4383342.3195166625
5,50,0.010558949372614146,0.0,0.10836310305850005,4423593.540358446
6,1,0.01040289665549543,0.0,0.04225279740074994,4493253.25332513
6,2,0.009843259453076403,0.0,0.042412873949249974,3906155.869402598
6,3,0.009727215083319196,0.010101010101010102,0.035426425546499996,4150042.4434920046
6,4,0.010407255232257384,0.0,0.040303428438249966,4282562.28667834
6,5,0.009788160151590564,0.0,0.038366988066749985,4420327.261445585
6,6,0.010115178850168105,0.010101010101010102,0.04475844034825005,4110836.47897585
6,7,0.010263757375291505,0.0,0.04323329715175006,4502642.579056502
6,8,0.00959666240587942,0.010101010101010102,0.03992364278275007,4309552.145308295
6,9,0.010239975588371975,0.0,0.03684082512950004,4328284.474496041
6,10,0.010364918467113293,0.0,0.039734061914249996,4284744.269103367
6,11,0.00987261820889107,0.0,0.041866260538500066,4191231.903411665
6,12,0.008934817734197242,0.010101010101010102,0.045670314663999956,4078862.2337973737
6,13,0.010340147734844818,0.0,0.040204933663250175,4196858.946208981
6,14,0.010638402377803224,0.020202020202020204,0.041121918301499916,4408100.222712433
6,15,0.009848017284371569,0.0,0.043876939767499956,4188368.231088723
6,16,0.010306770756707495,0.0,0.040806753175249955,4408879.082866565
6,17,0.01054646720733099,0.0,0.04018256320274982,4460435.291873543
6,18,0.009640025521031381,0.010101010101010102,0.03985888695700002,3984485.7826753105
6,19,0.01035976527904725,0.0,0.03884377394850003,4523651.300339947
6,20,0.010119597786051981,0.020202020202020204,0.037350908107000036,4222080.183359794
6,21,0.010377450018618894,0.0,0.038844180675250195,4449541.700988086
6,22,0.010480047284535443,0.010101010101010102,0.03725786666749997,4556514.2051005475
6,23,0.009891032744016925,0.010101010101010102,0.03838010561650007,4418216.245187888
6,24,0.009861028871305466,0.0,0.03642949769674997,4431395.182237278
6,25,0.009745829461979882,0.010101010101010102,0.03603500683049998,4413660.829179066
6,26,0.010033360781146472,0.020202020202020204,0.038343926297750075,4249836.032423502
6,27,0.010946920417825634,0.020202020202020204,0.03735559017550005,4783537.225973406
6,28,0.010169820412329278,0.020202020202020204,0.04373282339925,4198650.197549762
6,29,0.009888615898853814,0.010101010101010102,0.037614539156000104,4482038.4861560175
6,30,0.009324365940433621,0.0,0.04014676077750001,4239484.475730072
6,31,0.009971190035481525,0.0,0.04228769561275003,4170034.841737345
6,32,0.009031368685007424,0.0,0.04028934869050005,3970523.253266748
6,33,0.010005599545835908,0.0,0.040182802197749945,4481044.0094992425
6,34,0.009507230370713327,0.010101010101010102,0.03877038537925004,4141212.4748672238
6,35,0.010644935609323225,0.0,0.03945660878699997,4356992.058282702
6,36,0.009456182255447754,0.0,0.03991872670624996,3949286.9611279657
6,37,0.009964139051165333,0.010101010101010102,0.03730657521574998,4326607.41464565
6,38,0.010175803506654368,0.010101010101010102,0.03514094093974984,4159780.7519460986
6,39,0.0103139769041527,0.020202020202020204,0.03775349395875016,4392062.40757307
6,40,0.009763748289473018,0.010101010101010102,0.03932620098650008,4307650.7553630015
6,41,0.010334088388629814,0.0,0.03771158328824997,4333235.511256163
6,42,0.010350782154083582,0.0,0.037218295930499856,4587089.361535484
6,43,0.009806653414116795,0.0,0.036940825243999886,4044065.2026610672
6,44,0.01015381840442342,0.0,0.04033318593824997,4516251.284952176
6,45,0.010109399340731517,0.010101010101010102,0.04327030779699992,4074594.829052808
6,46,0.009576606664272624,0.020202020202020204,0.04319847317725012,3858875.286091826
6,47,0.010337536991025686,0.010101010101010102,0.040066514250499896,4328943.629852314
6,48,0.00974160984102923,0.0,0.04068524486899994,4214849.508280996
6,49,0.01058658792114886,0.020202020202020204,0.03840297681100002,4650877.733513082
6,50,0.01063854736648806,0.020202020202020204,0.03613004887475002,4496855.8066520905
8,1,0.009783382021002707,0.020202020202020204,0.044214733836499986,4244215.163137035
8,2,0.01026145396852196,0.010101010101010102,0.042527233588249946,4374288.64488438
8,3,0.010518773142151439,0.0,0.04544422586224994,4533645.71882807
8,4,0.01031471409151874,0.0,0.04096754962174998,4655624.437854057
8,5,0.00941460679484063,0.0,0.04643605425524999,4078538.0648551574
8,6,0.01072869867908377,0.0,0.044859422998000054,4644767.3161377255
8,7,0.010324930126224263,0.0,0.04550101208900004,4582393.037686892
8,8,0.010460416836220121,0.0,0.04260086503274996,4519463.2248322675
8,9,0.010304640303586021,0.0,0.045955253720999956,4348726.603021017
8,10,0.010448052560609433,0.0,0.04550920421825,4358870.298628844
8,11,0.010537408141312543,0.010101010101010102,0.04243643628325,4518548.73605438
8,12,0.010380257917028235,0.0,0.047915905656250035,4517362.6258482775
8,13,0.01061836084266643,0.0,0.041689744171499954,4735956.567310271
8,14,0.010647331656250092,0.010101010101010102,0.04739902389725004,4632454.362603203
8,15,0.01029966317663189,0.0,0.045032715700000114,4458946.594765885
8,16,0.009792651311101297,0.0,0.043376938308000046,4272850.69360336
8,17,0.010369732032146306,0.0,0.043626122505999954,4436341.787640275
8,18,0.010257188488721702,0.0,0.04409755605450005,4514956.567434789
8,19,0.010420211791465128,0.0,0.04473831903725001,4597878.096917912
8,20,0.010550251064618488,0.010101010101010102,0.04474042349924989,4634843.670360934
8,21,0.00986973585645945,0.0,0.047347636250999914,4279611.800037617
8,22,0.010288113629801643,0.0,0.04692914448575014,4405621.295641605
8,23,0.009984660159195968,0.010101010101010102,0.048852576216499966,4266613.526461808
8,24,0.009911326655196673,0.0,0.04553471650000007,4211368.926346654
8,25,0.010931227777338348,0.0,0.042694952374750184,4530085.7296775365
8,26,0.010698999941695098,0.0,0.04552266228974999,4821738.955352608
8,27,0.009165635379988268,0.0,0.04329545927574996,3919479.509035848
8,28,0.010641499711646407,0.0,0.047036687822500034,4547855.7289728895
8,29,0.01068396527253257,0.010101010101010102,0.04857502722899998,4538367.722466057
8,30,0.010654841570182594,0.010101010101010102,0.04258387935274999,4447145.5614179885
8,31,0.009563397969038823,0.0,0.04628310469524988,4060316.063629967
8,32,0.009892108929999033,0.0,0.04569060356275001,4294056.621907336
8,33,0.010714393582559323,0.0,0.043952538718750045,4450225.243009137
8,34,0.010823894119846189,0.010101010101010102,0.044996269237000064,4247287.59275228
8,35,0.010312838592355433,0.020202020202020204,0.04391653497124992,4626005.911927698
8,36,0.010679752149370447,0.0,0.04813323253599988,4393379.070900693
8,37,0.010624661762559606,0.0,0.04466172886399988,4452329.67635886
8,38,0.010408187563072602,0.0,0.046160505755500014,4364702.0547698485
8,39,0.010668521892833294,0.0,0.040797880496500016,4635763.3095681695
8,40,0.010550501600749218,0.010101010101010102,0.045161541061499944,4514679.979648134
8,41,0.010362365454095412,0.0,0.045680487172999995,4363079.16665289
8,42,0.010565113132440462,0.0,0.045166829332499936,4387009.48860861
8,43,0.010280834413335382,0.0,0.04840594163699985,4429301.362172782
8,44,0.010241808659376517,0.0,0.04330923390300001,4554124.23607829
8,45,0.010323669800539115,0.0,0.04565519626275005,4538939.48282819
8,46,0.010752757997747109,0.0,0.04626644487175002,4537212.438326952
8,47,0.0113373456542043,0.010101010101010102,0.04572214386450002,4734645.484247724
8,48,0.010244433163914657,0.0,0.04217270133475015,4587258.163826154
8,49,0.0102416602365345,0.0,0.04436631009750003,4345671.990034341
8,50,0.010358959100030818,0.0,0.04692691705874996,4425620.0149081815
9,1,0.012232427028110893,0.0,0.08293355643825007,5019422.2551168045
9,2,0.010452190787550553,0.0,0.07889091602224996,4400994.951883332
9,3,0.010908562501469321,0.010101010101010102,0.09234838259999989,4539710.640672141
9,4,0.011880101816996058,0.010101010101010102,0.0761268410885001,5087334.066766643
9,5,0.01123638914666758,0.020202020202020204,0.08197883014149998,4624000.412492861
9,6,0.011414771899108445,0.010101010101010102,0.08053679936100011,4906722.183212496
9,7,0.010997001422703434,0.010101010101010102,0.07710236073325005,4747638.273671815
9,8,0.01153848692876358,0.030303030303030304,0.08806373534875012,4827151.423641798
9,9,0.011424504642860711,0.030303030303030304,0.08059272277274998,4915969.897049729
9,10,0.011220482797979159,0.0,0.08433676481875008,4680880.247715987
9,11,0.010240245103186885,0.0,0.08244327099000004,4507057.834117734
9,12,0.011827412729699116,0.0,0.08218100365624992,4942305.898825233
9,13,0.010847815353710155,0.0,0.0849168717505,4687957.270797082
9,14,0.011058240741023795,0.010101010101010102,0.08512025064325002,4610599.161269229
9,15,0.01107580038027689,0.010101010101010102,0.08561625014350005,4541220.823214614
9,16,0.010674456959874234,0.020202020202020204,0.08076288088474992,4267585.503085247
9,17,0.011840042287070807,0.010101010101010102,0.08517530137375007,4948175.449049913
9,18,0.011287723811202799,0.020202020202020204,0.0885325358964999,4749325.829132053
9,19,0.011006859173895212,0.0,0.07920730843699997,4851638.221073711
9,20,0.010495479431750887,0.020202020202020204,0.08304098991299991,4332675.1179842
9,21,0.011211652264772942,0.020202020202020204,0.07999177107775002,4856362.907763764
9,22,0.011941103989357549,0.0,0.08732305398224993,5037769.090185529
9,23,0.011154414042619853,0.030303030303030304,0.08172067640725,4711095.1209314
9,24,0.012009531815491581,0.0,0.08712534575474995,5199902.24608692
9,25,0.010110084963179666,0.020202020202020204,0.08159369902524982,4421589.318647467
9,26,0.011368874426199493,0.0,0.0797577461265,4761641.840651046
9,27,0.011838356498881097,0.020202020202020204,0.07957794365424997,5119645.293592452
9,28,0.011496673328426965,0.020202020202020204,0.08388931810725009,4997311.933361855
9,29,0.011870511885949009,0.0,0.07812694581149993,5062477.277597865
9,30,0.011351615281237182,0.0,0.08518785511674987,4720499.304583641
9,31,0.010519891640796919,0.020202020202020204,0.08407985019050002,4376393.0106620155
9,32,0.010831990592822693,0.010101010101010102,0.08266343377450014,4572670.975976525
9,33,0.010401461958077673,0.010101010101010102,0.08328655755999992,4490003.377783718
9,34,0.010675802243577337,0.0,0.08039326266050006,4558103.829468049
9,35,0.01129667086053665,0.010101010101010102,0.08072267422075019,4780627.014226724
9,36,0.010639352725505091,0.030303030303030304,0.07775182680374992,4648795.843596933
9,37,0.011187053761912313,0.0,0.08409935761224996,4833085.382248701
9,38,0.011431632753861942,0.010101010101010102,0.08348015719500002,4787265.881955598
9,39,0.011461342905459526,0.020202020202020204,0.07592185821474995,4764883.358703658
9,40,0.011098231019882387,0.010101010101010102,0.08950955014950002,4754097.664786332
9,41,0.010539253943267157,0.0,0.08459449358249993,4541906.541378654
9,42,0.012128130306919838,0.010101010101010102,0.08253293386600002,5013795.231546445
9,43,0.01089062425740206,0.020202020202020204,0.08026370032450014,4560019.485115477
9,44,0.012132231350800993,0.010101010101010102,0.08415096394174981,5232486.60793758
9,45,0.010950263414799988,0.0,0.08857225877449992,4636694.788205117
9,46,0.010314689218660744,0.0,0.07815341095874995,4648051.617246686
9,47,0.011052737590355521,0.010101010101010102,0.08888898694225,4780401.039251497
9,48,0.011094934159165515,0.020202020202020204,0.08306096344449998,4277852.214349363
9,49,0.01095279334118815,0.0,0.08539089802674993,4549076.670192394
9,50,0.01058606936211004,0.010101010101010102,0.07971449396500008,4330394.77278027
